EFC	Description	Ebie	Ecun	Agos	Amac	Dmel	Mcir	Afum	Crev	Pbla	Eint	Sros	Ddis	Npar	Rall	Ttra	Rory	Mbre	Sscl	Ncer	Mver	Hmag	Hpol	Bd2e	PirE	Tpse	Bden	Aloc	Scer	Wseb	Cowc	Ccin	Gpro	Vcul	Cneo	Ncra	Amoe	Umay	Srot	Crei	Spun	Npha	Spom	Cint	Pult	Psoj	Ylip	Tgon	Cmer
EFC48007.1	FLA2/FLA8 (kinesin-2, prograde IFT)	1	1	1	1	1	1	1	1	1	1	1	1	1	1	1	1	1	1	1	1	1	1	1	1	1	1	1	1	1	1	1	1	1	1	1	1	1	1	1	1	0	1	1	1	1	1	1	1
EFC39337.1	FBB17 (flagella / basal body protein)	0	0	0	1	1	1	1	1	1	0	0	1	0	1	1	1	1	1	0	1	1	0	1	1	1	1	0	0	1	0	0	1	0	0	0	0	1	1	1	1	0	1	1	1	1	0	1	0
EFC50352.1	BLD1/IFT52	0	0	0	1	1	0	0	0	0	0	0	0	0	1	1	0	1	0	0	0	1	0	1	1	1	1	0	0	0	0	0	1	0	0	0	0	0	1	1	1	0	0	1	1	1	0	1	0
EFC39557.1	FM4/FAP32	0	0	0	0	0	0	0	0	0	0	0	0	0	0	1	0	1	0	0	0	1	0	1	1	0	1	0	0	0	0	0	1	0	0	0	0	0	1	1	1	0	0	0	1	1	0	0	0
EFC37691.1	DHC6 (heavy dynein chain	0	1	1	1	1	1	1	1	1	1	1	1	0	1	1	1	1	1	0	1	1	1	1	1	1	1	0	1	1	1	1	1	0	1	1	1	1	1	1	1	0	1	1	1	1	1	1	0
EFC46225.1	RIB43a (flagellar microtubule formation)	0	0	0	1	0	0	0	0	0	0	0	0	0	0	1	0	0	0	0	0	0	1	1	0	0	0	0	0	0	0	0	0	0	0	0	0	0	0	0	0	0	0	0	0	0	0	0	0
EFC48600.1	IFT88 (intraflagellar transport)	0	0	0	1	1	0	0	0	0	0	0	0	0	1	1	0	1	0	0	0	1	0	1	1	1	1	0	0	0	0	0	1	0	0	0	0	0	1	1	1	0	0	1	1	1	0	1	0
EFC46430.1	LF4 (flagellum length regulator)	1	1	1	1	1	1	1	1	1	1	1	1	1	1	1	1	1	1	1	1	1	1	1	1	1	1	1	1	1	1	1	1	1	1	1	1	1	1	1	1	0	1	1	1	1	1	1	1
EFC44289.1	FM115/FAP45	0	0	0	0	0	0	0	0	0	0	0	0	0	0	0	0	0	0	0	0	0	0	1	0	0	0	0	0	0	0	0	0	0	0	0	0	0	0	0	0	0	0	0	0	0	0	0	0
EFC44105.1	IFT Regulation	0	0	1	1	1	1	1	1	1	0	1	0	0	1	1	1	1	1	0	1	1	1	1	0	1	1	0	1	1	1	1	1	0	1	1	1	1	1	1	1	0	1	1	1	1	1	1	1
EFC50116.1	FM51/DAT1	0	0	0	1	1	1	0	0	1	0	0	0	0	0	0	0	0	0	0	1	1	0	0	0	0	0	0	0	0	0	0	1	0	0	0	0	0	0	1	1	0	0	1	0	1	0	0	0
EFC49377.1	FM176/FKB12	0	0	1	1	1	1	1	1	1	0	1	1	0	1	1	1	0	1	0	1	1	1	1	1	1	1	0	1	1	1	0	1	0	1	0	1	1	0	1	1	0	1	1	1	1	1	0	0
EFC48215.1	ODA9 (intermediate outer dynein arm)	0	0	0	1	1	0	0	0	0	0	0	0	0	1	1	0	1	0	0	0	1	1	1	1	1	1	0	0	0	0	0	1	0	0	0	0	0	1	1	1	0	0	1	1	1	0	1	0
EFC46972.1	FM179/CYG11	0	0	0	1	1	0	0	0	0	0	0	1	0	1	1	0	1	0	0	0	1	0	1	0	1	1	0	0	0	1	0	1	0	0	0	0	0	1	1	1	0	0	1	1	1	0	0	0
EFC_NA	IFT140 (intraflagellar transport)	0	0	0	1	1	0	0	0	0	0	0	0	0	0	1	0	1	0	0	0	1	1	1	1	0	1	0	0	0	0	0	1	0	0	0	0	0	1	1	1	0	0	1	1	1	0	1	0
EFC47925.1	IFT172 (intraflagellar transport)	0	0	0	1	1	0	0	0	0	0	0	0	0	1	1	0	1	0	0	0	1	1	1	1	0	1	0	0	0	0	0	1	0	0	0	0	0	1	1	1	0	0	1	1	1	0	1	0
EFC40924.1	IFT122 (intraflagellar transport)	0	0	0	1	1	0	0	0	0	0	0	0	0	1	1	0	1	0	0	0	1	1	1	1	0	1	0	0	0	0	0	1	0	0	0	0	0	1	1	1	0	0	1	1	1	0	1	0
EFC50188.1	IFT80 (intraflagellar transport)	0	0	0	1	1	0	0	0	0	0	0	0	0	1	1	0	1	0	0	0	1	1	1	1	0	1	0	0	0	0	0	0	0	0	0	0	0	1	1	1	0	0	1	1	1	0	0	0
EFC48064.1	FM69/PDE14	0	0	0	1	1	1	1	1	1	0	0	1	0	1	1	1	1	1	0	1	1	1	1	1	1	1	0	0	0	1	1	1	0	1	0	1	0	1	1	1	0	0	1	1	1	1	1	0
EFC50266.1	BUG21/PACRG (basal body)	0	0	0	1	1	0	0	0	0	0	0	0	0	1	1	0	1	0	0	0	1	1	1	1	1	1	0	0	0	0	0	1	0	0	0	0	0	1	1	1	0	0	0	1	1	0	1	0
EFC49119.1	High Mobility group 1-2 (chromosomal proteins)	0	0	0	0	0	0	0	0	0	0	0	0	0	0	0	0	0	0	0	0	0	0	0	0	0	0	0	0	0	0	0	0	0	0	0	0	0	0	0	0	0	0	0	0	0	0	0	0
EFC35895.1	FM157/MOT50	0	0	0	0	0	0	0	0	0	0	0	0	0	0	0	0	0	0	0	0	0	0	0	0	0	0	0	0	0	0	0	0	0	0	0	0	0	0	0	0	0	0	0	0	0	0	0	0
EFC35314.1	FM31/FAP253	0	0	0	0	0	0	0	0	0	0	0	0	0	0	1	0	0	0	0	0	0	0	0	0	0	0	0	0	0	0	0	0	0	0	0	0	0	0	1	1	0	0	0	1	1	0	0	0
EFC42914.1	FM80/FAP155	0	0	0	0	0	0	0	0	0	0	0	0	0	0	0	0	0	0	0	0	0	0	0	0	0	0	0	0	0	0	0	0	0	0	0	0	0	0	0	0	0	0	0	0	0	0	0	0
EFC35831.1	DLC1 (outer dynein LC)	0	0	0	1	1	0	0	0	0	0	0	0	0	1	1	0	1	0	0	0	0	0	1	1	1	1	0	0	0	0	0	1	0	0	0	0	0	1	1	1	0	0	1	1	1	0	0	0
EFC42268.1	DPY30 (microtubule linker, motility)	0	0	0	0	0	0	0	0	0	0	0	0	0	0	0	0	0	0	0	0	0	0	0	0	0	0	0	0	0	0	0	0	0	0	0	0	0	0	0	0	0	0	0	0	0	0	0	0
EFC48821.1	MKS3 (basal body)	0	0	0	0	0	0	0	0	0	0	0	0	0	0	1	0	0	0	0	0	1	0	1	0	1	1	0	0	0	0	0	1	0	0	0	0	0	1	0	1	0	0	1	1	1	0	0	0
EFC43167.1	SSA3	0	0	0	0	0	0	0	0	0	0	0	0	0	0	0	0	0	0	0	0	0	0	0	0	0	0	0	0	0	0	0	0	0	0	0	0	0	0	1	0	0	0	1	0	0	0	0	0
EFC43249.1	RSP4	0	0	0	1	0	0	0	0	0	0	0	0	0	0	0	0	1	0	0	0	1	0	0	0	0	0	0	0	0	0	0	0	0	0	0	0	0	1	1	0	0	0	0	1	1	0	1	0
EFC38233.1	MOT51	0	0	0	0	1	0	0	0	0	0	0	0	0	1	0	0	1	1	0	0	1	0	0	0	1	0	0	0	0	1	1	0	0	0	0	0	0	1	1	1	0	0	1	1	1	0	0	0
EFC37908.1	FM5/FAP52	0	0	0	1	1	0	0	0	0	0	0	0	0	1	1	0	1	1	0	0	1	1	1	0	1	1	0	0	0	0	1	1	0	0	0	0	0	1	1	1	0	0	1	1	1	1	1	0
EFC41763.1	GSTS1	0	0	0	0	0	0	0	0	0	0	0	0	0	0	0	0	0	0	0	0	0	0	0	0	0	0	0	0	0	0	0	0	0	0	0	0	0	0	0	0	0	0	0	0	0	0	0	0
EFC47930.1	Dhc1b/Dhc2 (retrograde IFT)	0	1	1	1	1	1	1	1	1	1	1	1	0	1	1	1	1	1	0	1	1	1	1	1	1	1	0	1	1	1	1	1	0	1	1	1	1	1	1	1	0	1	1	1	1	1	1	0
EFC45963.1	FM141/FAP161	0	0	0	0	0	0	0	0	0	0	0	0	0	0	0	0	0	0	0	0	0	0	0	0	0	0	0	0	0	0	0	0	0	0	0	0	0	0	0	0	0	0	0	0	0	0	0	0
EFC43018.1	Sas-6	0	0	0	0	0	0	0	0	0	0	0	0	0	0	0	0	0	0	0	0	0	0	0	0	0	0	0	0	0	0	0	0	0	0	0	0	0	0	0	0	0	0	0	0	0	0	0	0
EFC47177.1	FM131/FAP269	0	0	0	0	0	0	0	0	0	0	0	0	0	0	0	0	0	0	0	0	0	0	0	0	0	0	0	0	0	0	0	0	0	0	0	0	0	0	0	0	0	0	0	0	0	0	0	0
EFC38548.1	POC7/UNC119/HRG4	0	0	0	1	1	0	0	0	0	0	0	0	0	0	1	0	1	0	0	0	1	1	1	1	0	0	0	0	0	0	0	0	0	0	0	0	0	1	1	1	0	0	0	1	1	0	0	0
EFC38549.1	FM142/FAP61	0	0	0	0	0	0	0	0	0	0	0	0	0	0	1	0	1	0	0	0	0	1	1	0	0	1	0	0	0	0	0	1	0	0	0	0	0	1	1	1	0	0	1	1	1	0	0	0
EFC41946.1	FM117	0	0	0	0	0	0	0	0	0	0	0	0	0	0	1	0	1	0	0	0	0	0	0	0	0	0	0	0	0	0	0	0	0	0	0	0	0	0	0	0	0	0	0	0	0	0	0	0
EFC45113.1	FM181/CYG11	0	0	0	1	1	0	0	0	0	0	0	1	0	1	1	0	1	0	0	0	1	0	1	0	1	1	0	0	0	1	0	1	0	0	0	0	0	1	1	1	0	0	1	1	1	0	0	0
EFC38551.1	ODA1 (heavy outer dynein arm)	0	0	0	1	0	0	0	0	0	0	0	0	0	1	1	0	1	0	0	0	0	0	1	0	1	1	0	0	0	0	0	0	0	0	0	0	0	0	1	1	0	0	1	0	1	0	1	0
EFC43025.1	Delta tubulin	1	1	1	1	1	1	1	1	1	1	1	1	1	1	1	1	1	1	1	1	1	1	1	1	1	1	0	1	1	1	1	1	1	1	1	1	1	1	1	1	0	1	1	1	1	1	1	1
EFC37368.1	DLC1 (outer dynein LC)	0	0	0	1	1	0	0	0	0	0	0	0	0	1	1	0	1	0	0	0	0	0	1	1	1	1	0	0	0	0	0	1	0	0	0	0	0	1	1	1	0	0	1	1	1	0	0	0
EFC48546.1	ODA4 (heavy outer dynein arm)	0	1	1	1	1	1	1	1	1	1	1	1	0	1	1	1	1	1	0	1	1	1	1	1	1	1	0	1	1	1	1	1	0	1	1	1	1	1	1	1	0	1	1	1	1	1	1	0
EFC38614.1	FM100/MOT52	0	0	0	0	0	0	0	0	0	0	0	0	0	0	0	0	0	0	0	0	0	0	0	0	0	0	0	0	0	0	0	0	0	0	0	0	0	0	0	0	0	0	0	0	0	0	0	0
EFC39056.1	FM178	0	0	0	0	0	0	0	0	0	0	0	0	0	0	0	0	0	0	0	0	0	0	0	0	0	0	0	0	0	0	0	0	0	0	0	0	0	0	0	0	0	0	0	0	0	0	0	0
EFC38211.1	FM138	0	0	0	0	0	0	0	0	0	0	0	0	0	0	0	0	0	0	0	0	0	0	0	0	0	0	0	0	0	0	0	0	0	0	0	0	0	0	0	0	0	0	0	0	0	0	0	0
EFC46093.1	FM79/MOT24	0	0	0	0	0	0	0	0	0	0	0	0	0	0	1	0	0	0	0	0	0	1	1	0	0	1	0	0	0	0	0	1	0	0	0	0	0	0	0	1	0	0	1	0	0	0	0	0
EFC47298.1	KLP1 (regulator of motion)	1	1	1	1	1	1	1	1	1	1	1	1	0	1	1	1	1	1	1	1	1	1	1	1	1	1	1	1	1	1	1	1	1	1	1	1	1	1	1	1	0	1	1	1	1	1	1	1
EFC41066.1	IDA4 (inner dynein arm)	0	0	0	1	1	0	0	0	0	0	0	0	0	1	1	0	1	0	0	0	1	0	1	1	0	1	0	0	0	0	0	1	0	0	0	0	0	1	1	1	0	0	0	1	1	0	1	0
EFC47301.1	IC140/IDA7 (Intermediate inner dynein arm)	0	0	0	1	0	0	0	0	0	0	0	0	0	1	1	0	1	0	0	0	0	0	1	1	1	1	0	0	0	0	0	1	0	0	0	0	0	1	1	1	0	0	1	1	1	0	1	0
EFC36952.1	GSTS1	0	0	0	0	0	0	0	0	0	0	0	0	0	0	0	0	0	0	0	0	0	0	0	0	0	0	0	0	0	0	0	0	0	0	0	0	0	0	0	0	0	0	0	0	0	0	0	0
EFC46318.1	Protein kinase	1	1	1	0	1	1	1	1	1	1	1	1	1	1	1	1	1	1	1	1	1	1	1	1	1	1	1	1	1	1	1	1	1	1	1	1	1	0	1	1	0	1	1	1	1	1	1	1
EFC40565.1	GSTS1	0	0	0	0	0	0	0	0	0	0	0	0	0	0	0	0	0	0	0	0	0	0	0	0	0	0	0	0	0	0	0	0	0	0	0	0	0	0	0	0	0	0	0	0	0	0	0	0
EFC47192.1	FM145 (WD40)	0	0	0	0	0	0	0	0	0	0	0	0	0	0	0	0	0	0	0	0	0	0	1	0	0	0	0	0	0	0	0	0	0	0	0	0	0	0	1	1	0	0	0	0	0	0	0	0
EFC42507.1	FM26/FAP60	0	0	0	1	0	0	0	0	0	0	0	0	0	0	1	0	1	0	0	0	1	1	1	1	0	1	0	0	0	0	0	0	0	0	0	0	0	1	1	1	0	0	1	1	1	0	1	0
EFC41307.1	MOT45	0	0	0	0	0	0	0	0	0	0	0	0	0	0	0	0	0	0	0	0	0	0	0	0	0	0	0	0	0	0	0	0	0	0	0	0	0	1	0	1	0	0	0	0	1	0	0	0
EFC43277.1	FM130 (RNP-1)	0	0	0	0	0	0	0	0	0	0	0	0	0	0	0	0	0	0	0	0	0	0	0	0	0	0	0	0	0	0	0	0	0	0	0	0	0	0	0	0	0	0	0	0	0	0	0	0
EFC50627.1	FM43/FAP146	0	0	0	0	0	0	0	0	0	0	0	0	0	0	1	0	0	0	0	0	0	0	0	0	0	0	0	0	0	0	0	0	0	0	0	0	0	0	0	0	0	0	0	0	0	0	0	0
EFC46102.1	ODA6 (heavy outer dynein arm)	0	0	0	1	1	0	0	1	0	0	0	0	0	1	1	0	1	0	0	0	0	1	1	0	1	1	0	0	0	1	0	1	0	0	0	0	0	1	1	1	0	0	1	0	1	0	1	0
EFC44934.1	ODA2 (heavy outer dynein arm)	0	1	1	1	1	1	1	1	1	0	1	1	0	1	1	1	1	1	0	1	1	1	1	1	1	1	0	1	1	1	1	1	0	1	1	1	1	1	1	1	0	1	1	1	1	1	1	0
EFC48997.1	PSK1	0	0	0	0	0	0	0	0	0	0	0	0	0	0	0	0	0	0	0	0	0	0	0	0	0	0	0	0	0	0	0	0	0	0	0	0	0	0	0	0	0	0	0	0	0	0	0	0
EFC41883.1	GSTS1	0	0	0	0	0	0	0	0	0	0	0	0	0	0	0	0	0	0	0	0	0	0	0	0	0	0	0	0	0	0	0	0	0	0	0	0	0	0	0	0	0	0	0	0	0	0	0	0
EFC37696.1	FM47/FAP134	0	0	0	1	0	0	0	0	0	0	0	0	0	1	0	0	0	0	0	0	0	1	1	0	0	1	0	0	0	0	0	1	0	0	0	0	0	0	1	1	0	0	0	0	0	0	0	0
EFC43604.1	FM88	0	0	0	1	1	0	0	0	1	0	0	0	0	1	0	0	0	0	0	1	1	0	0	1	0	0	0	0	0	1	0	1	0	0	0	0	0	1	1	1	0	0	0	1	1	0	1	0
EFC47065.1	Radial spoke	0	0	0	1	0	0	0	0	0	0	0	0	0	1	1	0	0	0	0	0	1	1	0	0	0	1	0	0	0	0	0	1	0	0	0	0	0	1	1	1	0	0	1	1	1	0	0	0
EFC40507.1	FM159/FAP119	0	0	0	0	0	0	0	0	0	0	0	0	0	0	0	0	0	0	0	0	0	0	0	0	0	0	0	0	0	0	0	0	0	0	0	0	0	0	1	0	0	0	0	0	0	0	0	0
EFC50285.1	FM134 (hypothetical)	0	0	0	1	1	0	0	0	0	0	0	0	0	0	1	0	1	0	0	0	1	1	1	0	1	1	0	0	0	0	0	1	0	0	0	0	0	0	1	1	0	0	1	1	1	0	0	0
EFC49314.1	FM155	0	0	0	0	0	0	0	0	0	0	0	0	0	0	1	0	0	0	0	0	1	0	0	0	0	0	0	0	0	1	0	0	0	0	0	0	0	0	1	0	0	0	0	0	0	0	0	0
EFC45877.1	FM36/FAP82	0	0	0	1	1	0	0	0	0	0	0	0	0	1	1	0	1	0	0	0	0	1	1	0	0	1	0	0	0	0	0	0	0	0	0	0	0	1	1	1	0	0	1	1	1	0	1	0
EFC45434.1	FM146	0	0	0	0	0	0	0	0	0	0	0	1	0	1	1	0	1	0	0	0	0	0	0	0	0	0	0	0	0	0	0	0	0	0	0	0	0	0	0	0	0	0	0	1	1	0	0	0
EFC38264.1	FOX1	0	0	0	1	0	1	0	0	1	0	0	0	0	0	0	0	1	0	0	0	0	0	0	0	0	0	0	0	0	0	0	1	0	0	0	0	0	1	1	0	0	0	1	0	0	0	0	0
EFC44837.1	FM41/FAP116	0	0	0	0	0	0	0	0	0	0	0	0	0	0	0	0	0	0	0	0	0	0	0	0	0	0	0	0	0	0	0	0	0	0	0	0	0	0	0	0	0	0	0	0	0	0	0	0
EFC38573.1	PSO2	0	0	0	0	0	0	0	0	0	0	0	0	0	0	0	0	0	0	0	0	0	0	0	0	0	0	0	0	0	1	0	0	0	0	0	0	0	1	0	0	0	0	0	0	0	0	0	0
EFC41808.1	FM38/FAP70	0	0	0	0	0	0	0	0	0	0	0	0	0	0	1	0	1	0	0	0	0	0	1	0	0	1	0	0	0	0	0	1	0	0	0	0	0	1	0	1	0	0	0	0	0	0	0	0
EFC41717.1	POC11	0	0	0	0	0	0	0	0	0	0	0	0	0	0	1	0	0	0	0	0	0	0	0	0	0	0	0	0	0	0	0	0	0	0	0	0	0	0	0	0	0	0	0	0	0	0	0	0
EFC41889.1	Protein kinase	1	1	1	1	1	1	1	1	1	1	1	1	1	1	1	1	1	1	1	1	1	1	1	1	1	1	1	1	1	1	1	1	1	1	1	1	1	1	1	1	0	1	1	1	1	1	1	1
EFC38308.1	FM177	0	0	1	1	1	1	1	1	1	0	1	1	0	1	1	1	1	1	0	1	1	1	1	0	1	1	0	1	1	1	1	1	0	1	1	1	1	1	1	1	0	1	1	1	1	1	0	1
EFC38404.1	PKHD1-2	0	0	0	0	0	0	0	0	0	0	0	1	0	0	1	0	1	0	0	0	1	0	0	0	0	0	0	0	0	0	0	0	0	0	0	0	0	1	1	0	0	0	1	0	0	0	0	0
EFC47567.1	FM174 (ADH)	0	0	0	0	0	1	1	1	1	0	1	1	0	0	1	1	1	1	0	1	1	0	0	1	1	0	0	0	1	1	1	1	0	1	1	0	1	0	0	1	0	1	1	0	0	1	0	0
EFC42960.1	FM90 (NUDIX Hydrolase)	0	0	0	0	0	1	0	1	0	0	0	0	0	0	0	0	0	0	0	0	0	0	0	0	0	0	0	0	0	0	0	0	0	0	0	0	0	0	0	0	0	0	0	0	0	0	0	0
EFC45890.1	FBB1 (flagella / basal body protein)	0	0	0	1	1	0	0	0	0	0	0	0	0	1	1	0	1	0	0	0	1	1	1	1	0	1	0	0	0	0	0	1	0	0	0	0	0	1	1	1	0	0	1	1	1	0	1	0
EFC38765.1	FM132 (ubiquitin-conjugating)	0	0	0	0	1	0	1	0	0	0	0	0	0	0	0	0	1	1	0	0	0	0	0	0	1	0	0	0	0	1	0	1	0	0	0	0	0	1	0	0	0	0	1	0	0	0	0	0
EFC40965.1	BBS2 (cilia membrane biogenesis)	0	0	0	0	0	0	0	0	0	0	0	0	0	0	1	0	1	0	0	0	1	0	0	0	0	0	0	0	0	0	0	0	0	0	0	0	0	1	1	0	0	0	1	1	1	0	0	0
EFC39536.1	MOT39	0	0	0	0	0	0	0	0	0	0	0	0	0	0	0	0	0	0	0	0	0	0	0	0	0	0	0	0	0	0	0	0	0	0	0	0	0	0	0	1	0	0	0	0	0	0	0	0
EFC45339.1	FM16/FAP215	0	0	0	1	1	1	1	1	1	0	0	0	0	0	1	1	1	0	0	1	1	0	1	0	1	1	0	0	0	1	1	0	0	0	1	0	1	1	1	1	0	0	1	1	1	0	1	0
EFC45780.1	FM24/MOT15	0	0	0	1	0	0	0	0	0	0	0	0	0	0	1	0	1	0	0	0	0	0	1	0	0	1	0	0	0	0	0	1	0	0	0	0	0	1	1	1	0	0	0	1	1	0	0	0
EFC49337.1	FM111	0	0	0	0	0	0	0	0	0	0	0	0	0	0	0	0	0	0	0	0	0	0	0	0	0	0	0	0	0	0	0	0	0	0	0	0	0	0	0	0	0	0	0	0	0	0	0	0
EFC38585.1	RABL2A	0	0	0	1	0	0	0	1	0	0	0	0	0	0	1	0	1	0	0	0	1	1	1	1	1	1	0	0	0	1	0	1	0	1	0	0	1	1	1	1	0	0	1	1	1	0	1	0
EFC41988.1	Protein kinase	0	0	0	0	0	0	0	0	0	0	0	0	0	0	0	0	1	0	0	0	0	0	0	0	0	0	0	0	0	1	0	0	0	0	0	0	0	0	0	1	0	0	0	0	0	0	0	1
EFC45059.1	FM95/SSA20	0	0	0	0	1	0	0	1	0	0	0	0	0	1	0	0	0	1	0	0	1	0	0	0	1	0	0	0	0	0	0	0	0	0	0	0	0	0	0	0	0	0	1	1	1	0	0	0
EFC40301.1	RIB72 (ribbon compartment, structural)	0	0	0	1	1	0	0	0	0	0	0	0	0	1	1	0	1	0	0	0	1	1	1	1	1	1	0	0	0	0	0	1	0	0	0	0	0	1	1	1	0	0	1	1	1	0	1	0
EFC46234.1	FM30/FAP184	0	0	0	1	0	0	0	0	0	0	0	0	0	0	0	0	0	0	0	0	0	0	1	0	0	1	0	0	0	0	0	0	0	0	0	0	0	0	0	0	0	0	0	0	0	0	0	0
EFC42882.1	D1bLIC (dynein light-intermediate chain)	0	0	0	0	0	0	0	0	0	0	0	0	0	0	0	0	0	0	0	0	0	0	1	0	0	1	0	0	0	0	0	0	0	0	0	0	0	0	0	1	0	0	0	0	0	0	0	0
EFC50654.1	FM64/FAP127	0	0	0	0	0	0	0	0	0	0	0	0	0	0	0	0	0	0	0	0	0	1	0	0	0	0	0	0	0	0	0	0	0	0	0	0	0	0	0	1	0	0	0	0	0	0	0	0
EFC47581.1	FM45/RAB23 (flagellar-localized)	1	0	1	1	1	1	1	1	1	0	1	1	0	1	1	1	1	1	0	1	1	1	1	1	1	1	1	1	1	1	1	1	0	1	1	1	1	1	1	1	0	1	1	1	1	1	1	1
EFC41096.1	FM133/SSA11	0	0	0	1	1	0	0	0	0	0	0	0	0	1	1	0	1	0	0	0	1	1	1	1	1	1	0	0	0	0	0	0	0	0	0	0	0	1	1	1	0	0	1	1	1	0	1	0
EFC38637.1	FM154	0	0	0	0	0	0	0	0	0	0	0	0	0	0	0	0	0	0	0	0	0	0	0	0	0	0	0	0	0	0	0	0	0	0	0	0	0	0	0	0	0	0	0	0	0	0	0	0
EFC39738.1	FM122/AAH1	0	0	0	1	1	1	0	1	1	0	0	1	0	1	1	1	1	0	0	1	1	0	1	0	1	1	0	0	0	1	0	1	0	0	0	1	0	1	1	1	0	0	1	1	1	0	1	1
EFC40663.1	BBS9 (cilia membrane biogenesis)	0	0	0	0	1	0	0	0	0	0	0	0	0	0	1	0	1	0	0	0	1	0	0	1	0	0	0	0	0	0	0	0	0	0	0	0	0	1	1	0	0	0	0	1	1	0	0	0
EFC39098.1	CAH1	0	0	0	0	0	0	0	0	0	0	0	0	0	0	0	0	0	0	0	0	0	0	0	0	0	0	0	0	0	0	0	0	0	0	0	0	0	0	0	0	0	0	0	0	0	0	0	0
EFC39164.1	B9/MKS1 (Basal Body)	0	0	0	0	0	0	0	0	0	0	0	0	0	1	0	0	1	0	0	0	1	0	1	0	1	1	0	0	0	0	0	0	0	0	0	0	0	1	1	0	0	0	1	1	0	0	0	0
EFC42140.1	FM97/FAP192	0	0	0	0	0	0	0	0	0	0	0	0	0	0	1	0	0	0	0	0	0	0	1	0	0	0	0	0	0	0	0	0	0	0	0	0	0	0	1	1	0	0	1	1	1	0	0	0
EFC41495.1	FM151	0	0	0	0	0	0	0	0	0	0	0	0	0	0	0	0	0	0	0	0	0	0	0	0	0	0	0	0	0	0	0	0	0	0	0	0	0	0	1	0	0	0	0	0	0	0	0	0
EFC44774.1	PTP1 (polar tube 1)	0	0	0	0	0	0	0	0	0	0	0	0	0	0	0	0	0	0	0	0	0	0	0	0	0	0	0	0	0	0	0	0	0	0	0	0	0	0	0	0	0	0	0	0	0	0	0	0
EFC40307.1	FM182	0	0	0	0	0	0	0	0	0	0	0	0	0	0	0	0	0	0	0	0	0	0	0	0	0	0	0	0	0	0	0	0	0	0	0	0	0	0	0	0	0	0	0	0	0	0	0	0
EFC38906.1	BLD2/Epsilon tubulin (centriole)	1	1	1	1	1	1	1	1	1	1	1	1	1	1	1	1	1	1	1	1	1	1	1	1	1	1	0	1	1	1	1	1	1	1	1	1	1	1	1	1	0	1	1	1	1	1	1	1
EFC45348.1	ARL3 (microtubule-dependent process regulation)	0	1	1	1	1	1	1	1	1	1	1	1	0	1	1	1	1	1	0	1	1	1	1	1	1	1	1	1	1	1	1	1	0	1	1	1	1	1	1	1	0	1	1	1	1	1	1	1
EFC46609.1	Protein kinase	1	1	1	1	1	1	1	1	1	1	1	1	1	1	1	1	1	1	1	1	1	1	1	1	1	1	1	1	1	1	1	1	1	1	1	1	1	1	1	1	0	1	1	1	1	1	1	1
EFC44373.1	WD40 peptidase	0	1	1	1	1	1	1	1	1	0	1	1	1	1	1	1	1	1	1	1	1	1	1	1	0	1	1	1	1	1	1	1	0	1	1	1	1	1	1	1	0	1	1	1	1	1	1	1
EFC45153.1	FM48/FAP67	0	0	0	1	1	0	0	0	0	0	0	0	0	1	1	0	0	0	0	0	0	1	1	0	1	1	0	0	0	0	0	1	0	0	0	0	0	1	1	1	0	0	1	1	1	0	1	0
EFC41573.1	DYF13 (putative IFT)	0	0	0	1	1	0	0	0	0	0	0	0	0	1	1	0	1	0	0	0	1	0	1	0	0	1	0	0	0	0	0	1	0	0	0	0	0	1	1	1	0	0	1	1	1	0	1	0
EFC43723.1	FM167	0	0	0	0	1	0	0	0	0	0	0	0	0	0	0	0	0	0	0	0	1	0	0	0	0	0	0	0	0	0	0	0	0	0	0	0	0	0	1	0	0	0	1	0	0	0	0	0
EFC44007.1	FM147	0	0	0	0	0	0	0	0	0	0	0	0	0	0	0	0	0	0	0	0	0	0	0	0	0	0	0	0	0	0	0	0	0	0	0	0	0	0	0	0	0	0	0	0	0	0	0	0
EFC43400.1	FM180/CYG11	0	0	0	1	1	0	0	0	0	0	0	1	0	1	1	0	1	0	0	0	1	0	1	0	1	1	0	0	0	1	0	1	0	0	0	0	0	1	1	1	0	0	1	1	1	0	0	0
EFC44488.1	FM170	0	0	0	0	0	0	0	0	0	0	0	0	0	0	0	0	0	0	0	0	0	0	0	0	0	0	0	0	0	0	0	0	0	0	0	0	0	0	0	0	0	0	0	0	0	0	0	0
EFC40826.1	FM168	0	0	0	0	1	0	0	0	0	0	0	0	0	0	0	0	0	0	0	0	0	0	0	0	0	0	0	0	0	0	0	0	0	0	0	0	0	0	1	0	0	0	1	0	0	0	0	0
EFC38912.1	MOT12	0	0	0	0	0	0	0	0	0	0	0	0	0	0	0	0	0	0	0	0	0	0	1	0	0	1	0	0	0	0	0	0	0	0	0	0	0	0	0	1	0	0	0	0	1	0	0	0
EFC41189.1	FM121	0	0	0	0	0	0	0	0	0	0	0	0	0	0	1	0	1	0	0	0	0	0	0	0	0	0	0	0	0	1	0	0	0	0	0	0	0	1	0	0	0	0	0	0	0	0	0	0
EFC42554.1	RNP-1	0	0	0	0	0	0	0	0	0	0	0	0	0	0	0	0	1	0	0	0	0	0	0	0	0	0	0	0	0	1	0	0	0	0	0	0	0	0	0	0	0	0	0	1	1	0	0	1
EFC49352.1	FM21/FAP198	0	0	0	1	1	0	0	0	0	0	0	0	0	1	1	0	1	0	0	0	1	1	1	0	0	1	0	0	0	0	0	1	0	0	0	0	0	1	1	1	0	0	1	1	1	0	1	0
EFC40610.1	BBS8 (cilia membrane biogenesis)	0	0	0	0	1	0	0	0	0	0	0	0	0	0	1	0	1	0	0	0	1	0	0	1	0	0	0	0	0	0	0	0	0	0	0	0	0	1	1	0	0	0	1	1	1	0	0	0
EFC42811.1	FM125/FAP14	0	0	0	0	0	0	0	0	0	0	0	0	0	0	0	0	0	0	0	0	0	0	1	0	0	1	0	0	0	0	0	0	0	0	0	0	0	0	1	1	0	0	0	1	1	0	0	0
EFC40325.1	DIP13	0	0	0	0	0	0	0	0	0	0	0	0	0	0	1	0	1	0	0	0	0	0	0	0	0	0	0	0	0	0	0	0	0	0	0	0	0	0	0	0	0	0	0	0	0	0	0	0
EFC46375.1	FM160/FAP111	0	0	0	0	0	0	0	0	0	0	0	0	0	0	0	0	0	0	0	0	0	0	0	0	0	0	0	0	0	0	0	0	0	0	0	0	0	0	0	0	0	0	0	0	0	0	0	0
EFC42813.1	Sirtuin	0	0	0	0	0	0	1	0	0	0	0	0	0	0	0	0	0	1	0	0	0	0	0	0	0	0	0	0	0	1	0	0	0	0	0	0	0	0	0	0	1	0	0	0	0	0	1	0
EFC42405.1	FM139	0	0	0	0	0	0	0	0	0	0	0	0	0	0	0	0	0	0	0	0	0	0	0	0	0	0	0	0	0	0	0	0	0	0	0	0	0	0	0	0	0	0	0	0	0	0	0	0
EFC46257.1	TECT3	0	0	0	0	0	0	0	0	0	0	0	0	0	0	0	0	0	0	0	0	0	0	0	0	0	0	0	0	0	0	0	0	0	0	0	0	0	0	1	1	0	0	1	0	0	0	0	0
EFC43152.1	LAG1	0	0	0	1	0	0	0	1	0	0	0	0	0	0	0	0	0	0	0	0	0	0	0	0	0	0	0	0	0	1	0	0	0	0	0	0	0	0	0	0	0	0	0	0	0	0	0	1
EFC48744.1	BOP5 (dynein intermediate chain)	0	0	0	1	1	0	0	0	0	0	0	0	0	1	1	0	1	0	0	0	1	1	1	1	1	1	0	0	0	1	0	1	0	0	0	0	0	1	1	1	0	0	1	1	1	0	1	0
EFC44224.1	FM54/FAP59	0	0	0	1	0	0	0	0	0	0	0	0	0	1	1	0	0	0	0	0	1	1	0	0	0	1	0	0	0	0	0	0	0	0	0	0	0	1	1	1	0	0	0	1	0	0	0	0
EFC40151.1	MOT50	0	0	0	0	1	0	0	1	0	0	0	0	0	0	0	0	0	1	0	0	0	0	0	0	0	0	0	0	0	0	0	0	0	0	0	0	0	0	0	0	0	0	1	1	1	0	0	0
EFC42741.1	FM150	0	0	0	0	1	0	0	0	0	0	0	0	0	0	0	0	1	0	0	0	0	0	0	0	0	0	0	0	0	0	0	0	0	0	0	1	0	1	1	0	0	0	1	0	0	0	0	1
EFC45488.1	FM163	0	0	0	0	0	0	1	0	0	0	0	0	0	1	1	0	0	1	0	1	1	0	0	0	0	0	0	0	0	0	1	0	0	0	0	0	0	0	1	1	0	0	1	0	0	0	0	0
EFC43661.1	FM14	0	0	0	1	1	0	0	0	1	0	0	0	0	1	1	0	0	0	0	1	0	0	0	0	0	0	0	0	0	1	0	0	0	0	0	1	0	0	1	0	0	0	1	1	1	0	0	0
EFC50338.1	IFT57 (intraflagellar transport)	0	0	0	1	0	0	0	0	0	0	0	0	0	0	1	0	1	0	0	0	1	1	1	0	0	1	0	0	0	0	0	1	0	0	0	0	0	1	1	1	0	0	1	1	1	0	0	0
EFC47715.1	FM101/FAP73	0	0	0	0	0	0	0	0	0	0	0	0	0	0	0	0	0	0	0	0	0	0	0	0	0	0	0	0	0	0	0	0	0	0	0	0	0	0	0	0	0	0	0	0	0	0	0	0
EFC44308.1	FM106	0	0	0	0	0	0	0	0	0	0	0	0	0	0	0	0	0	0	0	0	0	0	0	0	0	0	0	0	0	0	0	0	0	0	0	0	0	0	1	0	0	0	0	0	0	0	0	0
EFC47717.1	Hy3/Hydin (central pair)	0	0	0	1	0	0	0	0	0	0	0	0	0	1	1	0	1	0	0	0	1	1	1	1	0	1	0	0	0	0	0	0	0	0	0	0	0	1	1	1	0	0	1	1	1	0	1	0
EFC49909.1	MOT25	0	0	0	0	0	0	0	0	0	0	0	0	0	0	0	0	0	0	0	0	0	0	0	0	0	0	0	0	0	0	0	0	0	0	0	0	0	0	0	0	0	0	0	1	0	0	0	0
EFC50682.1	MOT37	0	0	0	0	0	0	0	0	0	0	0	0	0	0	0	0	1	0	0	0	1	0	1	0	0	1	0	0	0	0	0	0	0	0	0	0	0	1	1	1	0	0	0	1	0	0	0	0
EFC47121.1	ODA6 (heavy outer dynein arm)	0	0	0	1	1	0	0	0	0	0	0	0	0	1	1	0	1	0	0	0	0	1	1	0	1	1	0	0	0	0	0	1	0	0	0	0	0	1	1	1	0	0	1	0	1	0	1	0
EFC44034.1	BBS7 (cilia membrane biogenesis)	0	0	0	0	0	0	0	0	0	0	0	0	0	0	1	0	1	0	0	0	1	0	0	0	0	0	0	0	0	0	0	0	0	0	0	0	0	1	1	0	0	0	1	1	1	0	0	0
EFC43750.1	FM116/FAP65	0	0	0	1	0	0	0	0	0	0	0	0	0	1	1	0	1	0	0	0	0	0	1	0	0	1	0	0	0	0	0	1	0	0	0	0	0	1	1	1	0	0	0	1	1	0	0	0
EFC44036.1	FM13/FAP50	0	0	0	1	1	0	0	0	0	0	0	0	0	1	1	0	1	0	0	0	1	1	1	1	0	1	0	0	0	0	0	1	0	0	0	0	0	1	1	1	0	0	0	1	1	0	0	0
EFC49035.1	MBO2 (assembly / regulation of beating)	0	0	0	1	0	0	0	0	0	0	0	0	0	1	1	0	0	0	0	0	0	1	1	0	0	1	0	0	0	0	0	1	0	0	0	0	0	0	1	1	0	0	0	1	1	0	1	0
EFC44897.1	FM92	0	0	0	0	0	0	0	0	0	0	0	0	0	0	0	0	0	0	0	0	0	0	0	0	0	0	0	0	0	0	0	0	0	0	0	0	0	0	0	0	0	0	0	0	0	0	0	0
EFC44901.1	FLA3 (assembly, KAP3 regulator)	0	0	0	1	1	0	0	0	0	0	0	0	0	1	1	0	1	0	0	0	1	1	1	1	0	1	0	0	0	0	0	1	0	0	0	0	0	1	1	1	0	0	1	1	1	0	0	0
EFC48351.1	GSTS3	0	0	0	0	0	0	0	0	0	0	0	0	0	0	0	0	0	0	0	0	0	0	0	0	0	0	0	0	0	0	0	0	0	0	0	0	0	0	0	0	0	0	0	0	0	0	0	0
EFC44815.1	MOT(ECH1)	0	0	0	0	1	0	0	0	0	0	0	0	0	0	1	0	1	0	0	0	0	0	0	0	1	0	0	0	0	1	0	1	0	0	0	1	0	1	1	1	0	0	0	1	1	0	0	0
EFC43487.1	BBS5 (cilia membrane biogenesis)	0	0	0	0	1	0	0	0	0	0	0	0	0	0	1	0	1	0	0	0	1	0	0	0	0	0	0	0	0	0	0	0	0	0	0	0	0	1	1	0	0	0	1	1	1	0	0	0
EFC48887.1	IFT20 (intraflagellar transport)	0	0	0	0	0	0	0	0	0	0	0	0	0	0	0	0	0	0	0	0	0	0	0	0	0	0	0	0	0	0	0	0	0	0	0	0	0	0	0	0	0	0	0	0	0	0	0	0
EFC45731.1	FOX1	0	0	0	1	0	1	0	0	1	0	0	0	0	0	0	0	1	0	0	0	0	0	0	0	0	0	0	0	0	0	0	1	0	0	0	0	0	1	1	0	0	0	1	0	0	0	0	0
EFC47385.1	XRP2 (tubulin interacting)	0	0	0	0	0	0	0	0	0	0	0	0	0	0	1	0	1	0	0	0	1	0	0	0	0	1	0	0	0	0	0	0	0	0	0	0	0	1	1	1	0	0	1	1	1	0	0	0
EFC48898.1	FM87/FAP22	0	0	0	0	0	0	0	0	0	0	0	0	0	0	0	0	1	0	0	0	0	0	1	0	0	1	0	0	0	0	0	1	0	0	0	0	0	0	1	1	0	0	0	0	1	0	0	0
EFC49056.1	ODA12	0	0	0	0	0	0	0	0	0	0	0	0	0	0	0	0	0	0	0	0	0	0	0	0	0	0	0	0	0	0	0	0	0	0	0	0	0	0	0	0	0	0	0	0	0	0	0	0
EFC48370.1	FM76/FAP91	0	0	0	1	0	0	0	0	0	0	0	0	0	1	1	0	0	0	0	0	0	1	1	1	0	1	0	0	0	0	0	0	0	0	0	0	0	1	0	1	0	0	0	1	0	0	0	0
EFC46189.1	TRXm	0	0	0	0	0	0	0	0	0	0	0	0	0	0	0	0	0	0	0	0	0	0	0	0	0	0	0	0	0	0	0	0	0	0	0	0	0	0	0	0	0	0	0	0	0	0	0	0
EFC49552.1	FM93/FAP69	0	0	0	0	0	0	0	0	0	0	0	0	0	0	1	0	0	0	0	0	0	0	1	0	0	1	0	0	0	0	0	0	0	0	0	0	0	0	0	0	0	0	1	0	0	0	0	0
EFC50144.1	POC12/MKS1	0	0	0	0	0	0	0	0	0	0	0	0	0	0	0	0	0	0	0	0	0	0	0	0	0	0	0	0	0	0	0	0	0	0	0	0	0	0	1	1	0	0	1	0	0	0	0	0
EFC47992.1	FM78/FAP263	0	0	0	0	0	0	0	0	0	0	0	0	0	0	0	0	0	0	0	0	0	0	0	0	0	0	0	0	0	0	0	0	0	0	0	0	0	0	0	0	0	0	0	0	0	0	0	0
EFC46503.1	MOT16/SPATA4 (cilia construction)	0	0	0	0	0	0	0	0	0	0	0	0	0	0	1	0	0	0	0	0	0	0	0	0	0	0	0	0	0	0	0	0	0	0	0	0	0	0	0	1	0	0	0	1	1	0	0	0
EFC48170.1	MOT17	0	0	0	0	0	0	0	0	0	0	0	0	0	0	0	0	0	0	0	0	0	0	0	0	0	0	0	0	0	0	0	0	0	0	0	0	0	0	0	0	0	0	0	0	0	0	0	0
EFC50391.1	FM40/FAP57	0	0	0	1	1	0	0	0	0	0	0	0	0	1	1	0	1	0	0	0	1	1	1	1	0	1	0	0	0	0	0	1	0	0	0	0	0	1	1	1	0	0	1	1	1	0	1	0
EFC49095.1	peptidyl-prolyl cis-trans isomerase, cyclophilin-type	1	1	1	1	1	1	1	1	1	1	1	1	1	1	1	1	1	1	1	1	1	1	1	1	1	1	1	1	1	1	1	1	1	1	1	1	1	1	1	1	1	1	1	1	1	1	1	1
EFC48009.1	FM8/SEH1/MOT47	0	0	0	1	1	0	0	0	0	0	0	0	0	1	1	0	1	0	0	0	1	0	1	0	1	1	0	0	0	0	0	1	0	0	0	0	0	1	1	1	0	0	1	1	1	0	1	0
EFC48927.1	FM136	0	0	0	0	1	0	0	0	0	0	0	0	0	0	1	0	1	0	0	0	0	0	1	0	1	1	0	0	0	0	0	0	0	0	0	0	0	1	1	1	0	0	0	1	1	0	0	0
EFC50183.1	FM7/FAP259	0	0	0	1	1	0	0	0	0	0	0	0	0	1	1	0	1	0	0	0	1	1	1	1	1	1	0	0	0	0	0	1	0	0	0	0	0	1	1	1	0	0	1	1	1	0	1	0
EFC48941.1	SSA4	0	0	0	0	0	0	0	0	0	0	0	0	0	0	1	0	1	0	0	0	0	0	0	0	0	0	0	0	0	0	0	0	0	0	0	0	0	1	1	0	0	0	1	1	1	0	0	0
EFC49584.1	FM124/FAP44	0	0	0	1	1	0	0	0	0	0	0	0	0	1	1	0	0	0	0	0	0	1	1	0	0	1	0	0	0	0	0	0	0	0	0	0	0	1	1	1	0	0	1	1	0	0	0	0
EFC49110.1	FM33/PF16 (Armadillo repeat, structural)	0	0	0	1	0	0	0	0	0	0	0	0	0	1	1	0	1	0	0	0	1	1	1	1	0	1	0	0	0	0	0	1	0	0	0	0	0	1	1	1	0	0	1	1	1	0	1	0
EFC48024.1	FM112/FAP36	0	0	0	0	0	0	0	0	0	0	0	0	0	0	0	0	0	0	0	0	0	0	0	0	0	0	0	0	0	0	0	0	0	0	0	0	0	0	0	0	0	0	0	0	0	0	0	0
EFC50410.1	FM9/FAP184	0	0	0	1	0	0	0	0	0	0	0	0	0	0	1	0	1	0	0	0	0	1	0	0	1	1	0	0	0	0	0	0	0	0	0	0	0	0	1	1	0	0	0	1	0	0	0	0
EFC49818.1	DNJ29	0	0	0	0	0	0	0	0	0	0	0	0	0	0	0	0	0	0	0	0	0	0	0	0	0	0	0	0	0	0	0	0	0	0	0	0	0	0	0	0	0	0	0	0	0	0	0	0
EFC50740.1	FM137/FAP9	0	0	0	0	0	0	0	0	0	0	0	0	0	0	0	0	0	0	0	0	0	0	0	0	0	0	0	0	0	0	0	0	0	0	0	0	0	0	0	0	0	0	0	1	1	0	0	0
EFC48068.1	IFT81 (intraflagellar transport)	0	0	0	0	0	0	0	0	0	0	0	0	0	0	0	0	0	0	0	0	0	0	0	0	0	0	0	0	0	0	0	0	0	0	0	0	0	0	0	0	0	0	0	0	0	0	0	0
EFC50007.1	FM34/FAP66	0	0	0	1	1	0	0	0	0	0	0	0	0	1	1	0	1	0	0	0	1	1	1	1	0	1	0	0	0	0	0	1	0	0	0	0	0	1	1	1	0	0	1	1	1	0	1	0
EFC50775.1	FBB9 (flagella / basal body protein)	0	0	0	1	0	0	0	0	0	0	0	0	0	1	1	0	1	0	0	0	0	1	1	1	0	1	0	0	0	0	0	1	0	0	0	0	0	1	1	1	0	0	1	1	1	0	1	0
EFC50015.1	FM144/POC16	0	0	0	0	0	0	0	0	0	0	0	0	0	1	1	0	1	1	0	0	1	0	0	0	1	0	0	0	0	0	0	0	0	0	0	0	0	1	1	1	0	0	1	1	1	0	0	0
EFC50777.1	ATPase	1	1	1	1	1	1	1	1	1	1	1	1	1	1	1	1	1	1	1	1	1	1	1	1	1	1	1	1	1	1	1	1	1	1	1	1	1	1	1	1	1	1	1	1	1	1	1	1
EFC50816.1	FM75/FAP251	0	0	0	1	0	0	0	0	0	0	0	0	0	1	1	0	1	0	0	0	1	1	1	0	0	1	0	0	0	0	0	1	0	0	0	0	0	1	1	1	0	0	1	1	1	0	1	0
EFC50583.1	TcTEX1 (dynein light chain)	0	0	0	1	0	0	0	0	0	0	0	0	0	1	1	0	1	0	0	0	0	0	1	0	0	1	0	0	0	0	0	1	0	0	0	0	0	1	1	1	0	0	0	0	0	0	0	0
